{"cameraMode":{"drawMode":0,"name":"Shaded","section":"Shading Mode"},"sceneLighting":true,"audioPlay":false,"sceneViewState":{"m_AlwaysRefresh":false,"showFog":true,"showSkybox":true,"showFlares":true,"showImageEffects":true,"showParticleSystems":true,"showVisualEffectGraphs":true,"m_FxEnabled":true},"in2DMode":false,"pivot":{"x":29.665456771850587,"y":-2.9482879638671877,"z":34.07976531982422},"rotation":{"x":0.4726567268371582,"y":-0.005012932233512402,"z":0.0026878018397837879,"w":0.8812406063079834},"size":60.535457611083987,"orthographic":false}